mlbam_id,Name,Team,GS,IP,ER,R,ERA,ip_f,starter_id,handoffs,bq_runners,actual_bq,exp_re_emp,exp_re_pub,exp_sp_emp,exp_sp_pub,adjERA_re_emp,adjERA_re_pub,adjERA_sp_emp,adjERA_sp_pub,adjRA9_sp_emp,RA9,delta,delta_pct
543135,Nathan Eovaldi,Texas Rangers,22,130.0,25,28,1.73,130.0,543135,3,5,0,2.220816150119307,2.1919999999999997,2.284411943276195,2.26,1.8845180411621059,1.882523076923077,1.888920826842198,1.887230769230769,2.096613134534506,1.9384615384615385,0.158920826842198,0.09186174961976763
669432,Trevor Rogers,Baltimore Orioles,18,109.2,22,23,1.81,109.66666666666667,669432,5,7,1,1.83884434643352,1.896,1.9703414679051092,2.06,1.874312453962629,1.8790030395136779,1.8851040110438841,1.8924620060790271,1.967170880344796,1.8875379939209727,0.07510401104388409,0.04149392875352712
694973,Paul Skenes,Pittsburgh Pirates,32,187.2,41,45,1.97,187.66666666666663,694973,3,5,2,1.592737602954723,1.58,1.6525536645534762,1.65,1.9467209862873494,1.9461101243339256,1.9495896073586927,1.9494671403197161,2.141419092261002,2.1580817051509773,-0.020410392641307284,-0.010360605401678824
641816,Tyler Mahle,Texas Rangers,16,86.2,21,21,2.18,86.66666666666667,641816,5,10,3,2.8858417506946785,2.959,3.085173724264426,2.98,2.1689143356490628,2.1765115384615386,2.189614194442844,2.1786923076923075,2.189614194442844,2.1807692307692306,0.00961419444284406,0.0044101809370844305
669373,Tarik Skubal,Detroit Tigers,31,195.1,48,55,2.21,195.33333333333331,669373,8,14,4,2.8611546889611112,2.984,3.0739628617901165,3.06,2.1591317006859216,2.16479180887372,2.168936855406712,2.168293515358362,2.4914624526763367,2.5341296928327646,-0.04106314459328786,-0.018580608413252424
686613,Hunter Brown,Houston Astros,31,185.1,50,55,2.43,185.33333333333331,686613,6,10,1,2.9453583886916848,2.921,3.049393986615513,3.08,2.522526396573158,2.5213435251798564,2.5275784849615452,2.529064748201439,2.7703842403572287,2.6708633093525185,0.09757848496154509,0.040155755128207855
808967,Yoshinobu Yamamoto,Los Angeles Dodgers,30,173.2,48,53,2.49,173.66666666666663,808967,7,11,0,2.240214437742005,2.319,2.385021594620472,2.37,2.603619558193924,2.6077024952015364,2.6111239597979905,2.6103454894433784,2.8702410423315796,2.7466410748560466,0.12112395979799029,0.04864416056144188
650911,Cristopher Sánchez,Philadelphia Phillies,32,202.0,56,58,2.5,202.0,650911,8,12,5,3.7418607424375354,3.7560000000000002,3.8075291056295804,3.94,2.4389937954551377,2.4396237623762373,2.4419196136171597,2.4478217821782176,2.5310285245082484,2.5841584158415842,-0.0580803863828403,-0.023232154553136118
663460,Kris Bubic,Kansas City Royals,20,116.1,33,38,2.55,116.33333333333331,663460,5,5,0,1.0710744254096933,1.146,1.0967482237663442,1.2400000000000002,2.6358710873526126,2.641667621776505,2.6378573124403766,2.6489398280802297,3.0246767966810646,2.9398280802292267,0.08785731244037676,0.034453848015834024
519242,Chris Sale,Atlanta Braves,20,125.2,36,38,2.58,125.66666666666667,519242,9,15,3,4.732895500964821,4.733,4.913213142676551,4.82,2.702355911209682,2.702363395225464,2.715269906769939,2.7085941644562332,2.858505981040496,2.7214854111405833,0.13526990676993877,0.05243019642245689
676979,Garrett Crochet,Boston Red Sox,32,205.1,59,62,2.59,205.33333333333331,676979,3,5,3,0.9515470420558152,1.0350000000000001,1.0307394149276234,1.02,2.4962528735966023,2.4999107142857144,2.4997239678620877,2.499253246753247,2.6312174743555943,2.7175324675324677,-0.09027603213791213,-0.03485561086405874
690990,Cade Horton,Chicago Cubs,22,118.0,35,40,2.67,118.0,690990,9,15,3,3.504329793163081,3.565,3.70308394975688,3.66,2.7079573571056588,2.7125847457627117,2.7231165724390842,2.7198305084745757,3.104472504642474,3.0508474576271185,0.0531165724390843,0.019893847355462284
642547,Freddy Peralta,Milwaukee Brewers,33,176.2,53,54,2.7,176.66666666666663,642547,6,14,5,6.503720971982517,6.454,6.778216288577196,6.65,2.776604653289676,2.7740716981132083,2.790588376965254,2.7840566037735854,2.841531773191669,2.7509433962264156,0.09058837696525401,0.03355125072787186
554430,Zack Wheeler,Philadelphia Phillies,24,149.2,45,48,2.71,149.66666666666663,554430,5,9,4,2.5931845065740333,2.5949999999999998,2.808764395730656,2.7199999999999998,2.621416440261691,2.621525612472161,2.6343800416140932,2.6290423162583525,2.8147809324826905,2.886414253897551,-0.07561995838590674,-0.027904043684836434
668881,Hunter Greene,Cincinnati Reds,19,107.2,33,35,2.76,107.66666666666667,668881,5,9,3,3.4533368766450483,3.449,3.612850088926343,3.52,2.796408964920793,2.796046439628483,2.809742886690437,2.801981424148607,2.976925549229137,2.9256965944272446,0.04974288669043725,0.018022785032767122
656876,Drew Rasmussen,Tampa Bay Rays,31,150.0,46,47,2.76,150.0,656876,3,4,1,1.1026454831612424,1.1400000000000001,1.16338258730102,1.25,2.7661587289896747,2.7683999999999997,2.7698029552380614,2.775,2.8298029552380615,2.82,0.009802955238061628,0.0035517953761092856
608331,Max Fried,New York Yankees,32,195.1,62,73,2.86,195.33333333333331,608331,9,13,3,3.9708256646622484,4.036,4.072077942424674,4.109999999999999,2.9013861654366573,2.904389078498294,2.9060513727738333,2.907798634812287,3.4128773113403863,3.363481228668942,0.04605137277383342,0.016101878592249447
671096,Andrew Abbott,Cincinnati Reds,29,166.1,53,60,2.87,166.33333333333331,671096,9,14,4,3.7344710416155413,3.7279999999999998,3.9034678999365777,3.9000000000000004,2.8533681725924245,2.853018036072145,2.8625122911789336,2.862324649298597,3.2412698062089937,3.2464929859719445,-0.00748770882106653,-0.0026089577773750973
601713,Nick Pivetta,San Diego Padres,31,181.2,58,63,2.87,181.66666666666663,601713,8,9,4,2.431372585207058,2.409,2.4619422604114805,2.49,2.7956826785331943,2.794574311926606,2.7971971395066246,2.7985871559633035,3.0449035615249733,3.1211009174311934,-0.07280286049337548,-0.02536685034612386
693433,Bryan Woo,Seattle Mariners,30,186.2,61,64,2.94,186.66666666666663,693433,5,8,2,2.5349766892251635,2.573,2.574599051651549,2.63,2.9668649475162137,2.9686982142857152,2.9687753114189146,2.9714464285714297,3.113418168561772,3.0857142857142863,0.02877531141891465,0.009787520890787296
594798,Jacob deGrom,Texas Rangers,30,172.2,57,57,2.97,172.66666666666663,594798,8,9,4,2.6936229100084814,2.782,2.7474904335112114,2.92,2.902949456699284,2.907555984555985,2.9057572233683455,2.9147490347490357,2.9057572233683455,2.971042471042472,-0.06424277663165467,-0.02163056452244265
702070,Noah Cameron,Kansas City Royals,24,138.1,46,46,2.99,138.33333333333331,702070,13,21,7,5.535851929403891,5.856,5.9342273061381015,5.95,2.897513258057603,2.918342168674699,2.923431656061997,2.924457831325302,2.923431656061997,2.99277108433735,-0.06656834393800315,-0.022263660179934162
673540,Kodai Senga,New York Mets,22,113.1,38,44,3.02,113.33333333333331,673540,9,16,3,4.426189505800094,4.501,4.660529073916984,4.72,3.130903284284126,3.136844117647059,3.1495126029287017,3.154235294117648,3.625983191163996,3.494117647058824,0.1295126029287017,0.04288496785718599
668909,Gavin Williams,Cleveland Guardians,31,167.2,57,62,3.06,167.66666666666663,668909,9,16,5,4.99856394610532,4.92,5.211325423409663,5.18,3.059565062713408,3.0553479125248515,3.0709856589106583,3.069304174950299,3.3393753209384918,3.32803180914513,0.01098565891065828,0.003590084611326235
607074,Carlos Rodón,New York Yankees,33,195.1,67,74,3.09,195.33333333333331,607074,9,14,7,4.040635375952207,4.115,4.125757343045067,4.1899999999999995,2.950677739165034,2.95410409556314,2.9545997410618035,2.9575597269624576,3.277125338331428,3.4095563139931744,-0.1354002589381964,-0.04381885402530628
680885,Spencer Schwellenbach,Atlanta Braves,17,110.2,38,44,3.09,110.66666666666667,680885,2,2,1,0.4646589776718324,0.476,0.4698729683152485,0.49,3.046824675894998,3.047746987951807,3.0472487052545536,3.0488855421686747,3.535200512483469,3.578313253012048,-0.042751294745446256,-0.01383537046778196
641778,Eric Lauer,Toronto Blue Jays,15,104.2,37,39,3.18,104.66666666666667,641778,6,10,5,4.16020970402368,4.242,4.379898209434055,4.35,3.109317394931972,3.1163503184713375,3.1282078078175775,3.1256369426751593,3.3001823301105713,3.3535031847133756,-0.0517921921824227,-0.01628685288755431
607192,Tyler Glasnow,Los Angeles Dodgers,18,90.1,32,33,3.19,90.33333333333331,607192,4,9,4,4.338917083526972,4.23,4.450028113973554,4.33,3.221958528617079,3.211107011070112,3.233028631281498,3.2210701107011075,3.3326596275914615,3.287822878228783,0.04302863128149825,0.013488599147805095
624133,Ranger Suarez,Philadelphia Phillies,26,157.1,56,57,3.2,157.33333333333331,624133,10,17,3,4.69938616625753,4.764,4.954456863325937,5.03,3.3006004798494777,3.3042966101694917,3.315191388368221,3.319512711864407,3.37239477819873,3.2605932203389836,0.11519138836822096,0.03599730886506905
571510,Matthew Boyd,Chicago Cubs,31,179.2,64,69,3.21,179.66666666666663,571510,3,5,1,2.2699274868209613,2.2529999999999997,2.283683724018331,2.29,3.269551098597711,3.268703153988869,3.2702401865463737,3.2705565862708728,3.5207040084387673,3.4564007421150285,0.06024018654637375,0.018766413254322042
676282,Joey Cantillo,Cleveland Guardians,13,95.1,34,39,3.21,95.33333333333331,676282,5,9,2,3.4293925858696905,3.377,3.6130796572630692,3.5700000000000003,3.344732866498188,3.3397867132867143,3.3620739536577036,3.3580069930069936,3.8341019256856756,3.6818181818181825,0.1520739536577036,0.047375063444767475
657277,Logan Webb,San Francisco Giants,34,207.0,74,82,3.22,207.0,657277,5,11,3,4.344528093611138,4.28,4.603972898170621,4.449999999999999,3.27584904754831,3.2730434782608695,3.287129256442201,3.280434782608696,3.6349553433987225,3.5652173913043477,0.0671292564422008,0.02084759516838534
605288,Adrian Houser,Tampa Bay Rays,21,125.0,46,49,3.31,125.0,605288,6,7,1,2.3829355706218696,2.378,2.4094367784433373,2.45,3.4115713610847744,3.411216,3.4134794480479203,3.4164,3.6294794480479204,3.528,0.1034794480479202,0.031262673126259875
682990,Quinn Priester,Milwaukee Brewers,24,157.1,58,62,3.32,157.33333333333331,682990,11,19,4,7.499850962633365,7.444,7.611369469963821,7.59,3.517999949133689,3.514805084745763,3.524379185781829,3.5231567796610177,3.7531927451038634,3.546610169491526,0.20437918578182934,0.06155999571741848
666157,Nick Lodolo,Cincinnati Reds,28,156.2,58,60,3.33,156.66666666666663,666157,9,16,1,4.219216341132407,4.437,4.507492381380773,4.42,3.5168485983203737,3.529359574468086,3.533409136802726,3.528382978723405,3.6483027538240025,3.4468085106382986,0.20340913680272577,0.06108382486568341
678394,Brayan Bello,Boston Red Sox,28,166.2,62,71,3.35,166.66666666666663,678394,11,20,6,6.618312372676066,6.661,6.886970927120032,6.8,3.381388868124508,3.383694000000001,3.3958964300644827,3.3912000000000004,3.8818964300644825,3.834000000000001,0.04589643006448263,0.013700426884920187
477132,Clayton Kershaw,Los Angeles Dodgers,22,112.2,42,46,3.36,112.66666666666667,477132,5,8,1,2.074315320628381,2.029,2.1151224908422037,2.1,3.4408476735413203,3.4372278106508873,3.4441074179075133,3.4428994082840236,3.763634045126448,3.6745562130177514,0.08410741790751342,0.025031969615331374
669194,Ryne Nelson,Arizona Diamondbacks,23,154.0,58,62,3.39,154.0,669194,5,7,5,2.3397728971126646,2.364,2.4275552248436885,2.42,3.2341425719091816,3.235558441558441,3.23927270794541,3.238831168831169,3.473038941711644,3.6233766233766236,-0.15072729205459012,-0.0444623280397021
608337,Lucas Giolito,Boston Red Sox,26,145.0,55,62,3.41,145.0,608337,11,19,6,4.881703764126473,4.933,5.236584775071123,5.07,3.344381612945781,3.3475655172413794,3.3664087101768283,3.3560689655172413,3.800891468797518,3.8482758620689657,-0.04359128982317184,-0.01278336944961051
657746,Joe Ryan,Minnesota Twins,30,171.0,65,69,3.42,171.0,657746,2,2,1,0.8692414053472012,0.951,0.8943692514156656,0.93,3.4141706002814316,3.418473684210526,3.4154931184955615,3.417368421052632,3.6260194342850354,3.6315789473684212,-0.004506881504438454,-0.001317801609484928
669302,Logan Gilbert,Seattle Mariners,25,131.0,50,53,3.44,131.0,669302,10,11,3,2.146398265179283,2.265,2.206584843061756,2.39,3.376470109821478,3.384618320610687,3.380605065553861,3.393206106870229,3.5867119357828687,3.6412213740458017,-0.05939493444613886,-0.01726596931573804
663568,Stephen Kolek,Kansas City Royals,19,112.2,44,49,3.51,112.66666666666667,663568,13,20,4,5.136603881813403,5.2459999999999996,5.362226855577619,5.52,3.6055867006182303,3.6143254437869823,3.6236098375757266,3.6362130177514786,4.023018121599395,3.9142011834319526,0.11360983757572685,0.03236747509279967
518876,Merrill Kelly,Texas Rangers,32,184.0,72,79,3.52,184.0,518876,14,22,3,8.422524688005616,8.402000000000001,8.5325816335382,8.49,3.7869713162611442,3.785967391304348,3.7923545364230646,3.790271739130435,4.134745840770891,3.864130434782609,0.2723545364230646,0.07737344784746154
665795,Edward Cabrera,Miami Marlins,26,137.2,54,60,3.53,137.66666666666663,665795,11,20,4,6.157217928698761,6.1819999999999995,6.404859811582987,6.39,3.6712951188253435,3.6729152542372896,3.687484781871044,3.686513317191284,4.0797365978516735,3.9225181598062964,0.1574847818710441,0.044613252654686714
605280,Clay Holmes,New York Mets,31,165.2,65,74,3.53,165.66666666666663,605280,13,24,9,6.564092144800621,6.737,6.864226177677178,6.7,3.398854100421765,3.4082474849094577,3.415159168606206,3.406237424547285,3.904092770215864,4.020120724346078,-0.11484083139379386,-0.03253281342600393
694477,Chad Patrick,Milwaukee Brewers,23,119.2,47,49,3.53,119.66666666666667,694477,8,13,5,4.152258254966418,4.1419999999999995,4.312749656627112,4.21,3.4710612058052734,3.4702896935933145,3.4831315897741835,3.475403899721448,3.6335494170722336,3.6852367688022283,-0.04686841022581634,-0.013277170035642022
622491,Luis Castillo,Seattle Mariners,32,180.2,71,76,3.54,180.66666666666663,622491,5,6,2,2.060722495048186,2.222,2.139628850708015,2.25,3.5399252903437293,3.5479594095940965,3.5438560497585185,3.549354243542436,3.7929335405334266,3.7859778597785985,0.0038560497585184983,0.0010892795928018357
669387,Carmen Mlodzinski,Pittsburgh Pirates,12,99.0,39,42,3.55,99.0,669387,6,10,6,4.136821067121823,4.03,4.181886660415483,4.11,3.3760746424656203,3.3663636363636362,3.380171514583226,3.3736363636363635,3.652898787310499,3.8181818181818183,-0.16982848541677376,-0.04783900997655599
592332,Kevin Gausman,Toronto Blue Jays,32,193.0,77,79,3.59,193.0,592332,9,14,3,3.6659905485106865,3.741,3.9195839132845065,3.82,3.6217301292051616,3.6252279792746114,3.633555726526221,3.628911917098445,3.7268199752308844,3.683937823834197,0.04355572652622097,0.012132514352707792
592662,Robbie Ray,San Francisco Giants,32,182.1,74,81,3.65,182.33333333333331,592662,7,11,4,4.0778312176270735,4.149,4.145194232417672,4.13,3.656492582954171,3.660005484460695,3.659817631216229,3.6590676416819012,4.005338654982225,3.998171846435101,0.009817631216229028,0.002689761977049049
664285,Framber Valdez,Houston Astros,31,192.0,78,82,3.66,192.0,664285,6,10,2,3.739258681727459,3.827,3.938468731021137,3.88,3.737777750705975,3.741890625,3.7471157217666153,3.744375,3.9346157217666153,3.84375,0.0871157217666152,0.023802109772299233
592791,Jameson Taillon,Chicago Cubs,23,129.2,53,54,3.68,129.66666666666663,592791,4,6,4,2.1935374192907653,2.171,2.2246153410615888,2.32,3.553278946840234,3.5517146529562993,3.55543602624335,3.562056555269924,3.624844766603247,3.7480719794344486,-0.12456397375665018,-0.0338489059121332
684007,Shota Imanaga,Chicago Cubs,25,144.2,60,62,3.73,144.66666666666663,684007,6,8,4,2.565293711037607,2.5890000000000004,2.563626586216245,2.55,3.6434629728064873,3.6449377880184337,3.643359257667832,3.6425115207373278,3.7677832208014728,3.857142857142858,-0.08664074233216779,-0.02322808105420048
694738,Landen Roupp,San Francisco Giants,22,106.2,45,55,3.8,106.66666666666667,694738,10,22,10,10.372620111578115,10.165,10.715896840968925,10.549999999999999,3.828314821914403,3.810796875,3.857278795956753,3.8432812499999995,4.701028795956753,4.640625,0.057278795956753115,0.015073367357040294
641793,Zack Littell,Cincinnati Reds,32,186.2,79,81,3.81,186.66666666666663,641793,7,8,1,2.1767696686547793,2.217,2.199960583953806,2.26,3.865665680452999,3.8676053571428577,3.8667838138692026,3.8696785714285724,3.963212385297774,3.905357142857144,0.056783813869202504,0.014903888154646326
681343,Shane Smith,Chicago White Sox,29,146.1,62,70,3.81,146.33333333333331,681343,8,11,2,3.7100579232936175,3.816,3.8777622806302596,3.89,3.9183862504075804,3.924902050113896,3.928700641405506,3.929453302961276,4.420727976257442,4.305239179954443,0.11870064140550607,0.031155023990946475
681190,Randy Vásquez,San Diego Padres,26,133.2,57,59,3.84,133.66666666666663,681190,12,24,8,8.250126085517875,8.29,8.569714157523867,8.41,3.8547466441620526,3.8574314214463854,3.876265043025299,3.865511221945138,4.010928384671184,3.972568578553617,0.03626504302529909,0.009444021621171639
434378,Justin Verlander,San Francisco Giants,29,152.0,65,74,3.85,152.0,434378,8,18,3,5.138927547420208,5.293,5.446615552242245,5.32,3.975331236360407,3.9844539473684213,3.9935496050669754,3.9860526315789464,4.526444341909081,4.381578947368421,0.14354960506697534,0.03728561170570788
683004,Jack Leiter,Texas Rangers,29,151.2,65,69,3.86,151.66666666666663,683004,16,23,10,7.373207920921434,7.309,7.482414620887605,7.65,3.7012672832195146,3.6974571428571434,3.707747680799925,3.717692307692309,3.9451103181625626,4.094505494505496,-0.1522523192000751,-0.03944360601038215
608379,Michael Wacha,Kansas City Royals,31,172.2,74,74,3.86,172.66666666666663,608379,13,20,11,5.11027372794456,5.229,5.405620279425685,5.45,3.550149402807922,3.5563378378378387,3.56554391417856,3.567857142857144,3.56554391417856,3.857142857142858,-0.29445608582144,-0.07628396005736789
686752,Ryan Pepiot,Tampa Bay Rays,31,167.2,72,77,3.86,167.66666666666663,686752,6,10,2,2.6016008378870974,2.662,2.716333112754241,2.63,3.8971038223120313,3.9003459244532817,3.9032624136070875,3.898628230616303,4.1716520756349205,4.133200795228629,0.0432624136070876,0.011207879172820623
663554,Casey Mize,Detroit Tigers,28,149.0,64,68,3.87,149.0,663554,13,19,2,6.019219658953912,6.228,6.238148847430044,6.26,4.108543469332787,4.121154362416107,4.121767380046109,4.123087248322148,4.363378118301143,4.10738255033557,0.2517673800461093,0.06505617055455021
666200,Jesús Luzardo,Philadelphia Phillies,32,183.2,80,85,3.92,183.66666666666663,666200,12,24,11,10.08539491011653,9.998999999999999,10.428860908936425,10.26,3.87532788125798,3.8710943738656995,3.892158338550425,3.8838838475499102,4.137167412960588,4.165154264972777,-0.027841661449575117,-0.007102464655503856
681347,Mike Burrows,Pittsburgh Pirates,19,96.0,42,43,3.94,96.0,681347,5,8,4,2.6693449236346956,2.708,2.8343705167502904,2.8600000000000003,3.812751086590753,3.8163749999999994,3.82822223594534,3.830625,3.92197223594534,4.03125,-0.11177776405466,-0.02836999087681726
607067,Colin Rea,Chicago Cubs,27,159.1,70,73,3.95,159.33333333333331,607067,12,16,6,4.319550645514998,4.404,4.431303909906754,4.42,3.859054115960052,3.863824267782427,3.865366538844106,3.8647280334728036,4.034822605789713,4.123430962343097,-0.0846334611558941,-0.021426192697694708
605135,Chris Bassitt,Toronto Blue Jays,31,170.1,75,80,3.96,170.33333333333331,605135,17,25,6,8.80687909895143,8.862,8.992213513317054,9.06,4.111126684289019,4.114039138943249,4.1209193050089254,4.1245009784735815,4.385107171936518,4.227005870841488,0.16091930500892548,0.04063618813356704
500779,Jose Quintana,Milwaukee Brewers,24,131.2,58,65,3.96,131.66666666666663,500779,8,11,2,3.432654325149354,3.3649999999999998,3.404511879875542,3.52,4.062485232351983,4.057860759493672,4.060561571535798,4.068455696202533,4.539042584194026,4.443037974683546,0.10056157153579814,0.025394336246413674
579328,Yusei Kikuchi,Los Angeles Angels,33,178.1,79,87,3.99,178.33333333333331,579328,11,20,7,5.618025984121013,5.645,5.948081031583179,5.75,3.917171404806108,3.918532710280374,3.933828388509805,3.923831775700935,4.337566706266815,4.390654205607477,-0.05617161149019534,-0.014078098117843442
656550,Grant Holmes,Atlanta Braves,21,115.0,51,52,3.99,115.0,656550,10,12,3,3.1990671169979836,3.314,3.246047604542973,3.44,4.00688351350419,4.015878260869566,4.010560247312059,4.025739130434783,4.088821116877276,4.069565217391304,0.02056024731205852,0.005152944188485845
663903,Brady Singer,Cincinnati Reds,32,169.2,76,80,4.03,169.66666666666663,663903,6,9,3,2.773947539084066,2.772,2.8197205556751,2.9299999999999997,4.019443189696012,4.019339882121809,4.021871227904181,4.027721021611003,4.234051974466067,4.243614931237722,-0.008128772095819414,-0.0020170650361834774
680573,Simeon Woods Richardson,Minnesota Twins,22,111.1,50,53,4.04,111.33333333333331,680573,7,12,2,2.4736481630404294,2.535,2.6696197136121884,2.65,4.080205091024227,4.085164670658683,4.096047102597393,4.094461077844311,4.338562072657274,4.284431137724551,0.056047102597393206,0.013873045197374556
592836,Taijuan Walker,Philadelphia Phillies,21,123.2,56,62,4.08,123.66666666666667,592836,5,11,3,3.1052003570203537,3.248,3.264261421101814,3.16,4.0831277887858475,4.093520215633423,4.094703661373987,4.087115902964959,4.531361343314687,4.512129380053908,0.014703661373986598,0.0036038385720555386
682052,Jacob Lopez,Athletics,17,92.2,42,47,4.08,92.66666666666667,682052,6,10,5,2.9526303369940354,2.928,3.14229093728773,3.1399999999999997,3.8802914356073344,3.877899280575539,3.898711709736578,3.898489208633093,4.3843232205279445,4.5647482014388485,-0.18128829026342208,-0.04443340447632894
663436,Davis Martin,Chicago White Sox,25,142.2,65,74,4.1,142.66666666666663,663436,10,16,11,6.673798405461878,6.6419999999999995,6.766315243228916,6.79,3.827552703148297,3.825546728971964,3.8333890457177136,3.8348831775700947,4.401146055063508,4.668224299065422,-0.2666109542822861,-0.06502706202006979
605488,Jeffrey Springs,Athletics,30,171.0,78,90,4.11,171.0,605488,7,10,0,3.427031271138385,3.5140000000000002,3.407927240680573,3.56,4.285633224796757,4.290210526315789,4.284627749509504,4.292631578947368,4.916206696877925,4.7368421052631575,0.17462774950950344,0.04248850353029281
607625,Seth Lugo,Kansas City Royals,26,145.1,67,70,4.15,145.33333333333331,607625,12,19,1,4.136280889234866,4.285,4.453432361849452,4.38,4.343301798186563,4.352511467889909,4.362941912316366,4.358394495412845,4.548721728830127,4.3348623853211015,0.2129419123163654,0.051311304172618165
669022,MacKenzie Gore,Washington Nationals,30,159.2,74,75,4.17,159.66666666666663,669022,8,15,6,5.136914696258778,5.036,5.338093259816272,5.27,4.122540076824609,4.116851774530272,4.1338799958560335,4.130041753653446,4.190247428006347,4.227557411273487,-0.03612000414396643,-0.00866187149735406
676083,Janson Junk,Miami Marlins,16,110.0,51,54,4.17,110.0,676083,4,7,4,2.253661047736142,2.279,2.412508147183413,2.37,4.029844994814775,4.031918181818182,4.0428415756786436,4.039363636363636,4.288296121133189,4.418181818181818,-0.12715842432135638,-0.03049362693557707
621244,José Berríos,Toronto Blue Jays,30,166.0,77,86,4.17,166.0,621244,8,13,2,4.037542095179824,3.945,4.156302107041429,4.22,4.2851679449193885,4.280150602409638,4.291606740743211,4.295060240963855,4.779558547972126,4.662650602409639,0.12160674074321065,0.029162287948012146
656605,Mitch Keller,Pittsburgh Pirates,32,176.1,82,91,4.19,176.33333333333331,656605,12,21,6,6.614707949803774,6.827,6.991059498810615,6.8100000000000005,4.2166297063226885,4.227465028355388,4.235838575553661,4.226597353497165,4.695195853436459,4.644612476370511,0.045838575553660554,0.010939994165551444
665152,Dean Kremer,Baltimore Orioles,29,171.2,80,83,4.19,171.66666666666663,665152,12,16,2,4.145381241269535,4.365,4.315135526580588,4.44,4.30665105536753,4.31816504854369,4.31555079459743,4.3220970873786415,4.472832347995488,4.3514563106796125,0.12555079459742924,0.029964390118718192
669461,Matthew Liberatore,St. Louis Cardinals,29,151.2,71,79,4.21,151.66666666666663,669461,13,21,10,9.20164697740871,9.049000000000001,9.359749522953377,9.36,4.165812018439639,4.156753846153848,4.175193927735696,4.175208791208792,4.649919202460971,4.687912087912089,-0.034806072264303545,-0.008267475597221744
669923,George Kirby,Seattle Mariners,23,126.0,59,60,4.21,126.0,669923,3,3,0,0.6998142201103582,0.731,0.7209940445484324,0.76,4.2642724442935975,4.266500000000001,4.265785288896317,4.268571428571429,4.337213860324888,4.285714285714286,0.05578528889631684,0.01325066244568096
656849,David Peterson,New York Mets,30,168.2,79,84,4.22,168.66666666666663,656849,15,26,8,8.625872927283178,8.581,9.011479303535943,8.86,4.248811401258195,4.246416996047432,4.269387235564171,4.261304347826088,4.536185654536503,4.482213438735179,0.04938723556417113,0.011703136389614012
680732,Sean Burke,Chicago White Sox,22,134.1,63,76,4.22,134.33333333333331,680732,12,17,5,5.942885291795891,5.986,6.0975033666869916,6.22,4.284014647341164,4.286903225806452,4.2943736746911885,4.302580645161291,5.1653414166266725,5.09181141439206,0.07437367469118872,0.017624093528717705
676440,Tanner Bibee,Cleveland Guardians,31,182.1,86,93,4.24,182.33333333333331,676440,9,13,3,3.3705906076537206,3.377,3.4371363430248447,3.52,4.263264984290038,4.263581352833638,4.266549691520423,4.270639853747715,4.612070715286419,4.590493601462524,0.026549691520422414,0.006261719698212833
691587,Eury Pérez,Miami Marlins,20,95.1,45,47,4.25,95.33333333333331,691587,7,10,7,3.691615310643514,3.699,3.840658640633142,3.8600000000000003,3.935921725130682,3.936618881118882,3.9499922492905424,3.9518181818181826,4.138803438101731,4.4370629370629375,-0.3000077507094576,-0.07059005899046061
671106,Logan Allen,Cleveland Guardians,29,156.2,74,84,4.25,156.66666666666663,671106,13,26,9,8.472649987872119,8.502,8.9380909139308,8.85,4.220769254622442,4.222455319148937,4.24750735037475,4.242446808510639,4.821975435481133,4.825531914893618,-0.0024926496252497543,-0.0005865057941764128
667755,José Soriano,Los Angeles Angels,31,169.0,80,89,4.26,169.0,667755,11,18,9,6.06694680600733,6.149,6.214631349861647,6.25,4.104156930497432,4.108526627218935,4.112021787862455,4.113905325443787,4.591311728690857,4.739644970414201,-0.14797821213754503,-0.03473666951585564
543243,Sonny Gray,St. Louis Cardinals,32,180.2,86,93,4.28,180.66666666666663,543243,8,13,7,5.24039307327533,5.2940000000000005,5.412410894873736,5.49,4.196477145716669,4.199147601476016,4.205046299191127,4.208911439114392,4.553754786275999,4.632841328413285,-0.07495370080887298,-0.017512546917960975
677944,Slade Cecconi,Cleveland Guardians,23,132.0,63,66,4.3,132.0,677944,7,9,4,2.8670990202045226,2.9210000000000003,2.869056347786268,3.0300000000000002,4.218211296832126,4.221886363636363,4.218344750985427,4.229318181818182,4.422890205530882,4.5,-0.081655249014573,-0.018989592794086744
688138,Logan Evans,Seattle Mariners,15,81.1,39,45,4.32,81.33333333333331,688138,6,8,4,2.897416214030021,2.778,2.898729013205367,2.89,4.193566548273815,4.180352459016395,4.193711817035021,4.192745901639345,4.857646243264529,4.979508196721313,-0.1262881829649789,-0.029233375686337708
695418,Brad Lord,Washington Nationals,19,130.2,63,65,4.34,130.66666666666663,695418,7,9,4,3.4959376393385315,3.528,3.5425016990842533,3.55,4.304567133321787,4.306775510204083,4.3077743517226414,4.308290816326531,4.4455294537634575,4.477040816326532,-0.03222564827735841,-0.0074252645800365
682847,Luis Ortiz,Cleveland Guardians,16,88.2,43,44,4.36,88.66666666666667,682847,6,8,2,1.6777860827151103,1.738,1.7543748447736982,1.84,4.331955730200406,4.338067669172932,4.33972977747703,4.348421052631579,4.441233536875526,4.466165413533834,-0.020270222522970727,-0.004649133606185946
672456,Keider Montero,Detroit Tigers,12,90.2,44,46,4.37,90.66666666666667,672456,6,8,2,2.7220926388035247,2.733,2.785616129686476,2.88,4.4393253722341735,4.440408088235293,4.445631012873289,4.455,4.644160424637995,4.566176470588235,0.07563101287328866,0.017306867934391
571578,Patrick Corbin,Texas Rangers,30,155.1,76,79,4.4,155.33333333333331,571578,17,27,6,10.430501845082922,10.557,10.655001143479911,10.84,4.660136372998367,4.667465665236052,4.673143843077162,4.683862660944207,4.846963585566433,4.57725321888412,0.273143843077162,0.06207814615390045
700241,Michael McGreevy,St. Louis Cardinals,16,95.2,47,50,4.42,95.66666666666667,700241,3,5,0,0.8013819170230241,0.837,0.8617439408601766,0.87,4.4969941176293435,4.500344947735192,4.502672774924128,4.503449477351916,4.7849027400809225,4.70383275261324,0.08267277492412806,0.018704247720390962
701542,Will Warren,New York Yankees,33,162.1,80,90,4.44,162.33333333333331,701542,13,24,7,7.423987040799869,7.656,7.946136123314579,7.77,4.458824743535106,4.471687885010267,4.487773460635511,4.478008213552362,5.042188245029761,4.989733059548255,0.04777346063551047,0.010759788431421275
663559,Bailey Falter,Kansas City Royals,24,125.1,62,68,4.45,125.33333333333331,663559,8,16,6,4.164122879952081,4.183,4.415652501082972,4.26,4.320296057868901,4.321651595744682,4.338358025343725,4.32718085106383,4.769209089173512,4.882978723404256,-0.11164197465627534,-0.025088084192421426
675911,Spencer Strider,Atlanta Braves,23,125.1,62,63,4.45,125.33333333333331,675911,7,10,2,4.168410006617986,4.159000000000001,4.174623324442024,4.2700000000000005,4.607837952602888,4.607162234042554,4.608284121701955,4.6151329787234046,4.680092632340252,4.5239361702127665,0.15828412170195438,0.03556946555100098
607259,Nick Martinez,Cincinnati Reds,26,165.2,82,86,4.45,165.66666666666663,607259,12,18,7,6.445340840389277,6.44,6.568895291981444,6.529999999999999,4.4245959812686335,4.4243058350100615,4.431308194936619,4.429195171026158,4.648612017874245,4.672032193158954,-0.018691805063380862,-0.004200405632220418
647336,Michael Soroka,Chicago Cubs,17,89.2,45,49,4.52,89.66666666666667,647336,7,12,8,5.126549423442356,5.015,5.136214613108247,5.09,4.228315369639196,4.217118959107807,4.229285481613094,4.224646840148699,4.630772470460678,4.918215613382899,-0.2907145183869053,-0.06431737132453658
622663,Luis Severino,Athletics,29,162.2,82,93,4.54,162.66666666666663,622663,10,15,2,4.500418958351896,4.557,4.548745616213971,4.55,4.675228098105537,4.678358606557379,4.677901909093808,4.67797131147541,5.286508466470856,5.14549180327869,0.13790190909380762,0.03037486984445102
656302,Dylan Cease,San Diego Padres,32,168.0,85,91,4.55,168.0,656302,9,12,5,4.032370954108718,4.048,4.166078497346604,4.26,4.501734158255824,4.502571428571429,4.508897062357853,4.513928571428572,4.830325633786425,4.875,-0.041102937642146564,-0.009033612668603641
542881,Tyler Anderson,Los Angeles Angels,26,136.1,69,73,4.56,136.33333333333331,542881,8,16,5,5.250618949163539,5.2829999999999995,5.469328507504733,5.22,4.571556752145271,4.573694376528119,4.585994791448968,4.569535452322739,4.85005347115557,4.819070904645478,0.025994791448968435,0.0057006121598615
547179,Michael Lorenzen,Kansas City Royals,26,141.2,73,76,4.64,141.66666666666663,547179,14,20,6,6.475805724963813,6.443,6.553104383779317,6.6899999999999995,4.667874716644761,4.6657905882352955,4.67278545496951,4.6814823529411775,4.863373690263629,4.828235294117649,0.032785454969510575,0.007065830812394521
656427,Jack Flaherty,Detroit Tigers,31,161.0,83,85,4.64,161.0,656427,15,20,6,7.297303122464831,7.489999999999999,7.455769744405213,7.57,4.712271603119152,4.72304347826087,4.721129985712093,4.72751552795031,4.832931227948118,4.751552795031056,0.08112998571209307,0.01748491071381316
608372,Tomoyuki Sugano,Baltimore Orioles,30,157.0,81,85,4.64,157.0,608372,12,21,2,6.643671855941987,6.891,6.891460613753464,6.93,4.909509851614509,4.923687898089172,4.923714302699243,4.925923566878982,5.153013665756568,4.872611464968153,0.28371430269924325,0.06114532385759553
543294,Kyle Hendricks,Los Angeles Angels,31,164.2,87,92,4.76,164.66666666666663,543294,11,19,11,7.827770707804479,7.638999999999999,8.098408531318086,7.94,4.581679775527776,4.5713623481781385,4.596471721347346,4.5878137651821875,4.869751073574067,5.028340080971661,-0.16352827865265418,-0.03435468038921306
668678,Zac Gallen,Arizona Diamondbacks,33,192.0,103,109,4.83,192.0,668678,10,15,8,5.443231387275913,5.492,5.725438838229693,5.69,4.708276471278558,4.7105625,4.721504945542017,4.71984375,5.002754945542017,5.109375,-0.10849505445798346,-0.022462744194199476
571945,Miles Mikolas,St. Louis Cardinals,31,156.1,84,87,4.84,156.33333333333331,571945,11,16,6,5.32369740430979,5.305,5.290665229132496,5.42,4.796886630951737,4.795810234541579,4.794984991869036,4.802430703624734,4.967692880994836,5.008528784648188,-0.04501500813096371,-0.009300621514661923
650644,Aaron Civale,Chicago Cubs,18,102.0,55,59,4.85,102.0,650644,5,6,5,1.829380274905283,1.832,1.8128423824718856,1.87,4.573180612491643,4.573411764705883,4.571721386688696,4.576764705882352,4.924662563159284,5.205882352941177,-0.2782786133113033,-0.05737703367243368
669358,Shane Baz,Tampa Bay Rays,31,166.1,90,91,4.87,166.33333333333331,669358,12,22,11,6.795926163203116,6.867,7.243949091718245,7.18,4.642264541896763,4.646110220440883,4.666506263479746,4.66304609218437,4.720614479912611,4.923847695390782,-0.2034937365202545,-0.041785161503132336
676106,Emerson Hancock,Seattle Mariners,16,90.0,49,51,4.9,90.0,676106,3,6,2,1.4433454790346127,1.5050000000000001,1.5761725012668524,1.51,4.844334547903461,4.8505,4.857617250126685,4.851,5.057617250126685,5.1,-0.04238274987331536,-0.008649540790472521
621111,Walker Buehler,Philadelphia Phillies,24,126.0,69,73,4.93,126.0,621111,8,14,5,5.702842907281681,5.67,5.869642920102039,5.79,4.978774493377263,4.976428571428571,4.9906887800072885,4.985,5.276403065721574,5.214285714285714,0.060688780007288834,0.01231009736456163
669160,Dustin May,Boston Red Sox,23,132.1,73,78,4.96,132.33333333333331,669160,6,10,6,2.395825837163064,2.447,2.5705596145004255,2.61,4.7196153592025265,4.7230957178841315,4.731499016603304,4.734181360201512,5.071549394437057,5.30478589420655,-0.228500983396696,-0.04606874665255968
607536,Kyle Freeland,Colorado Rockies,31,162.2,90,105,4.98,162.66666666666663,607536,10,18,8,4.994697272715702,5.029,5.194649432898337,5.16,4.813231201564189,4.815129098360656,4.82429412845954,4.822377049180329,5.654212161246425,5.809426229508198,-0.15570587154046045,-0.0312662392651527
593958,Eduardo Rodriguez,Arizona Diamondbacks,29,154.1,86,94,5.02,154.33333333333331,593958,16,26,7,8.481454860284936,8.663,8.68475689714401,8.77,5.101510326625688,5.112097192224622,5.113365952965202,5.118336933045357,5.579888631150947,5.481641468682506,0.09336595296520223,0.018598795411394867
676664,JP Sears,San Diego Padres,27,135.2,76,79,5.04,135.66666666666663,676664,12,15,3,4.729393913822685,4.766,4.851463173948972,5.02,5.1564954193445045,5.1589238329238345,5.164593380089983,5.175773955773957,5.363610579107181,5.2407862407862424,0.12459338008998255,0.024720908748012412
671737,Taj Bradley,Minnesota Twins,27,142.2,80,88,5.05,142.66666666666663,671737,10,19,12,7.049914472807832,7.026,7.2323358839234535,7.1899999999999995,4.734457221415449,4.732948598130842,4.745965114172743,4.743294392523366,5.250638011369005,5.55140186915888,-0.3040348858272566,-0.06020492788658546
669372,J.T. Ginn,Athletics,16,90.1,51,52,5.08,90.33333333333331,669372,7,14,4,3.3847437347741334,3.4559999999999995,3.67194423705509,3.52,5.019882217117719,5.0269815498155,5.048496289300692,5.033357933579337,5.148127285610656,5.180811808118082,-0.03150371069930813,-0.006201517854194514
641927,Bailey Ober,Minnesota Twins,27,146.1,83,84,5.1,146.33333333333331,641927,11,15,1,4.2446013927174,4.322,4.313866994038743,4.28,5.304337671078292,5.309097949886105,5.308597742230175,5.306514806378133,5.3701011590866665,5.166287015945331,0.20859774223017524,0.04090151808434809
453286,Max Scherzer,Toronto Blue Jays,17,85.0,49,49,5.19,85.0,453286,3,3,1,1.1050395055349247,1.0950000000000002,1.0681594985389515,1.1099999999999999,5.199357124115463,5.198294117647059,5.195452182198242,5.199882352941176,5.195452182198242,5.188235294117647,0.005452182198241395,0.0010505168012025809
700249,Cade Povich,Baltimore Orioles,20,112.1,65,70,5.21,112.33333333333331,700249,12,17,6,4.9857200946829385,5.056,5.188257190754966,5.16,5.126452351799524,5.132083086053414,5.1426793594966895,5.140415430267063,5.543272831306778,5.608308605341247,-0.06732064050331044,-0.01292142811963732
694297,Brandon Pfaadt,Arizona Diamondbacks,33,176.2,103,107,5.25,176.66666666666663,694297,12,17,5,5.76025839384339,5.6850000000000005,5.897747821477119,5.94,5.285899955912778,5.28206603773585,5.292904134301666,5.2950566037735864,5.496677719207327,5.450943396226417,0.04290413430166584,0.008172216057460161
693821,Bryce Elder,Atlanta Braves,28,156.1,92,95,5.3,156.33333333333331,693821,11,20,7,8.531953280510741,8.517,8.704707853682203,8.65,5.3845687389633055,5.383707889125801,5.394514098186396,5.3913646055437106,5.5672219873121955,5.4690831556503205,0.09451409818639611,0.017832848714414363
669467,Andre Pallante,St. Louis Cardinals,31,162.2,96,109,5.31,162.66666666666663,669467,10,15,4,4.163483633857355,4.241,4.388453848791863,4.45,5.32052061088965,5.32480942622951,5.332967733437257,5.3363729508196736,6.052230028519224,6.030737704918034,0.02296773343725711,0.004325373528673656
676467,Colton Gordon,Houston Astros,14,86.0,51,54,5.34,86.0,676467,8,11,3,3.2936569881718007,3.292,3.4004187206958383,3.3899999999999997,5.367940847599375,5.367767441860465,5.379113587049565,5.378023255813954,5.6930670754216575,5.651162790697675,0.03911358704956491,0.007324641769581444
663978,Chris Paddack,Detroit Tigers,28,158.0,94,98,5.35,158.0,663978,10,16,6,6.58798689354211,6.615,6.829404532695733,6.82,5.387923304062525,5.389462025316456,5.401674941735833,5.401139240506328,5.629523043001656,5.582278481012659,0.051674941735833535,0.009658867614174492
645261,Sandy Alcantara,Miami Marlins,31,174.2,104,107,5.36,174.66666666666663,645261,6,10,1,2.587246742195258,2.628,2.748036299210691,2.74,5.4405642405329635,5.442664122137406,5.448849198623454,5.448435114503818,5.603429351295209,5.513358778625955,0.08884919862345342,0.016576343026763696
607200,Erick Fedde,Milwaukee Brewers,24,141.0,86,90,5.49,141.0,607200,9,17,4,5.293441623893888,5.361,5.66774016685352,5.49,5.571921805780461,5.5762340425531915,5.5958132021395866,5.584468085106383,5.851132351075757,5.74468085106383,0.10581320213958634,0.019273807311400062
571760,Andrew Heaney,Los Angeles Dodgers,23,122.1,75,77,5.52,122.33333333333331,571760,9,15,1,4.545772789245987,4.667,4.73669353802296,4.6,5.778571840080769,5.78749046321526,5.792617780726486,5.782561307901908,5.939756745304143,5.6648501362397825,0.27261778072648646,0.049387279117117114
666214,Joey Wentz,Atlanta Braves,13,98.0,61,66,5.6,98.0,666214,8,9,3,2.7052583545183744,2.7350000000000003,2.7372858896412127,2.93,5.574972706027198,5.577704081632653,5.577914010273173,5.595612244897959,6.037097683742561,6.061224489795919,-0.022085989726826405,-0.0039439267369332865
687473,Ryan Gusto,Miami Marlins,17,101.2,64,67,5.67,101.66666666666667,687473,8,11,3,3.143249085161482,3.215,3.3146482030972155,3.4000000000000004,5.678254837047082,5.68460655737705,5.693427873716804,5.700983606557377,5.959001644208606,5.9311475409836065,0.02342787371680366,0.0041319001264203984
682243,Bryce Miller,Seattle Mariners,18,90.1,57,57,5.68,90.33333333333331,682243,7,14,6,4.680386650472702,4.601999999999999,4.891347528712263,4.73,5.547492396910565,5.539682656826569,5.568510639391997,5.552435424354245,5.568510639391997,5.678966789667898,-0.11148936060800274,-0.019628408557746963
680730,Mitchell Parker,Washington Nationals,30,164.2,104,116,5.68,164.66666666666663,680730,11,21,5,5.734801676305536,5.83,6.086176188170761,5.97,5.724371751538968,5.729574898785427,5.743576431337269,5.737226720647775,6.3994468766814,6.340080971659921,0.06357643133726931,0.011193033686138963
663623,Jake Irvin,Washington Nationals,33,180.0,114,120,5.7,180.0,663623,10,16,7,5.7314950759067,5.771,6.025804107664487,6.0600000000000005,5.636574753795335,5.6385499999999995,5.651290205383225,5.653,5.9512902053832235,6.0,-0.048709794616775604,-0.008545578002943088
686563,Jonathan Cannon,Chicago White Sox,17,103.2,67,69,5.82,103.66666666666667,686563,6,12,5,4.9334821562258755,4.884,5.056302786491978,5.06,5.810945396199674,5.806649517684887,5.821608280499304,5.82192926045016,5.995241721013773,5.990353697749196,0.001608280499303838,0.0002763368555504876
450203,Charlie Morton,Atlanta Braves,27,142.0,92,94,5.83,142.0,450203,8,12,6,4.148153108519019,4.1419999999999995,4.3396656224947066,4.41,5.7136153378638825,5.713225352112676,5.725753454946848,5.730211267605633,5.852514018327129,5.957746478873239,-0.10424654505315178,-0.01788105403999173
676962,Ben Brown,Chicago Cubs,15,106.1,70,73,5.92,106.33333333333331,676962,5,6,1,1.7169474217360983,1.799,1.7880001301701587,1.82,5.985446960460423,5.992391849529782,5.991460826064561,5.994169278996865,6.245379321362366,6.178683385579938,0.07146082606456083,0.01207108548387852
605400,Aaron Nola,Philadelphia Phillies,17,94.1,63,65,6.01,94.33333333333331,605400,5,11,6,3.997793818868716,4.103,4.26706088672075,4.13,5.819577502153553,5.829614840989401,5.845267293079367,5.83219081272085,6.036080013927423,6.201413427561839,-0.16473270692063302,-0.027409768206428126
615698,Cal Quantrill,Atlanta Braves,26,117.2,79,81,6.04,117.66666666666667,615698,12,17,5,5.979779432143556,6.112,6.006362613840786,6.13,6.117433554299932,6.127546742209631,6.119466828820683,6.128923512747875,6.272441333069976,6.195467422096317,0.07946682882068323,0.013156759738523713
592866,Trevor Williams,Washington Nationals,17,82.2,57,59,6.21,82.66666666666667,592866,10,19,11,7.389145313508867,7.327999999999999,7.601039696584975,7.5,5.8125279171965305,5.805870967741935,5.835597063741106,5.824596774193548,6.053338999224977,6.423387096774193,-0.3744029362588943,-0.06029032789998298
801403,Chase Dollander,Colorado Rockies,21,98.0,71,76,6.52,98.0,801403,10,13,3,3.127533847121827,3.135,3.1822797213232557,3.22,6.532120455347923,6.53280612244898,6.537148137672545,6.540612244897959,6.996331811141932,6.979591836734694,0.017148137672545083,0.0026300824651142767
622608,Antonio Senzatela,Colorado Rockies,23,130.0,96,103,6.65,130.0,622608,12,19,8,5.408827581968343,5.484,5.772250497246086,5.8,6.4667649864439625,6.471969230769231,6.491925034424729,6.493846153846153,6.976540419040114,7.130769230769231,-0.15807496557527134,-0.023770671515078397
608566,Germán Márquez,Colorado Rockies,26,126.1,94,106,6.7,126.33333333333331,608566,12,23,12,9.689825914840114,9.626,10.007608502392538,9.86,6.531992875199692,6.527445910290239,6.554631740275987,6.5441160949868085,7.409513006766752,7.551451187335093,-0.14536825972401335,-0.02169675518268856
686799,Jack Kochanowicz,Los Angeles Angels,23,111.0,84,89,6.81,111.0,686799,14,25,7,6.900014477773474,7.041,7.199414456030603,7.18,6.802703876576227,6.8141351351351345,6.826979550488968,6.825405405405406,7.232384955894373,7.216216216216216,0.016979550488968265,0.0024933260629909347
